{"cameraMode":{"drawMode":0,"name":"Shaded","section":"Shading Mode"},"sceneLighting":true,"audioPlay":false,"sceneViewState":{"showFog":true,"showMaterialUpdate":false,"showSkybox":true,"showFlares":true,"showImageEffects":true,"showParticleSystems":true},"in2DMode":false,"pivot":{"x":-0.6002396941184998,"y":0.17293912172317506,"z":1.6239516735076905},"rotation":{"x":-0.08497647196054459,"y":0.7895250916481018,"z":-0.11231571435928345,"w":-0.5973394513130188},"size":11.133007049560547,"orthographic":false}