{"cameraMode":{"drawMode":0,"name":"Shaded","section":"Shading Mode"},"sceneLighting":true,"audioPlay":false,"sceneViewState":{"showFog":true,"showMaterialUpdate":false,"showSkybox":true,"showFlares":true,"showImageEffects":true,"showParticleSystems":true},"in2DMode":false,"pivot":{"x":-6.505902290344238,"y":5.612607955932617,"z":1.3544950485229493},"rotation":{"x":0.07880356907844544,"y":0.01794292964041233,"z":-0.0014186857733875514,"w":0.996727705001831},"size":40.731689453125,"orthographic":true}