{"cameraMode":{"drawMode":0,"name":"Shaded","section":"Shading Mode"},"sceneLighting":false,"audioPlay":false,"sceneViewState":{"showFog":true,"showMaterialUpdate":false,"showSkybox":false,"showFlares":true,"showImageEffects":true,"showParticleSystems":true},"in2DMode":false,"pivot":{"x":15.342428207397461,"y":0.8418397903442383,"z":-0.007185101509094238},"rotation":{"x":-0.2554459571838379,"y":-0.0023236365523189308,"z":0.0006133969291113317,"w":-0.9668204188346863},"size":6.006660461425781,"orthographic":false}