{"cameraMode":{"drawMode":0,"name":"Shaded","section":"Shading Mode"},"sceneLighting":true,"audioPlay":false,"sceneViewState":{"showFog":true,"showMaterialUpdate":false,"showSkybox":true,"showFlares":true,"showImageEffects":true,"showParticleSystems":true},"in2DMode":false,"pivot":{"x":8.06646728515625,"y":2.2687301635742189,"z":-7.775425434112549},"rotation":{"x":-0.524611234664917,"y":0.010993245989084244,"z":-0.006774005945771933,"w":-0.8512439727783203},"size":48.778682708740237,"orthographic":false}