{"cameraMode":{"drawMode":0,"name":"Shaded","section":"Shading Mode"},"sceneLighting":false,"audioPlay":false,"sceneViewState":{"showFog":true,"showMaterialUpdate":false,"showSkybox":false,"showFlares":true,"showImageEffects":true,"showParticleSystems":true},"in2DMode":false,"pivot":{"x":-0.05000000447034836,"y":2.0,"z":4.71999979019165},"rotation":{"x":-0.06955430656671524,"y":-0.6008192896842957,"z":0.052590977400541309,"w":-0.7946146726608276},"size":1.229489803314209,"orthographic":false}