{"cameraMode":{"drawMode":0,"name":"Shaded","section":"Shading Mode"},"sceneLighting":false,"audioPlay":false,"sceneViewState":{"showFog":true,"showMaterialUpdate":false,"showSkybox":false,"showFlares":true,"showImageEffects":true,"showParticleSystems":true},"in2DMode":false,"pivot":{"x":11.228154182434082,"y":0.9009145498275757,"z":12.389498710632325},"rotation":{"x":-0.05501256138086319,"y":-0.5266023278236389,"z":0.034176286309957507,"w":-0.8476411700248718},"size":4.453830242156982,"orthographic":false}