{"cameraMode":{"drawMode":0,"name":"Shaded","section":"Shading Mode"},"sceneLighting":false,"audioPlay":false,"sceneViewState":{"showFog":true,"showMaterialUpdate":false,"showSkybox":false,"showFlares":true,"showImageEffects":true,"showParticleSystems":true},"in2DMode":false,"pivot":{"x":-8.584269523620606,"y":0.2383909821510315,"z":12.648194313049317},"rotation":{"x":-0.06955430656671524,"y":-0.6008192896842957,"z":0.052590977400541309,"w":-0.7946146726608276},"size":6.227359294891357,"orthographic":false}