{"cameraMode":{"drawMode":0,"name":"Shaded","section":"Shading Mode"},"sceneLighting":true,"audioPlay":false,"sceneViewState":{"showFog":false,"showMaterialUpdate":false,"showSkybox":false,"showFlares":false,"showImageEffects":false,"showParticleSystems":true},"in2DMode":false,"pivot":{"x":-15.725855827331543,"y":-31.928878784179689,"z":22.259889602661134},"rotation":{"x":0.3653542101383209,"y":-0.246827632188797,"z":0.10111714899539948,"w":0.8918339610099793},"size":69.50800323486328,"orthographic":false}